id,post_id,user_id,text,date_posted
1,26,46,Rich consumer type Republican organization. Charge read management production up our. Drug toward such.,2026-01-27
2,43,41,Analysis care kitchen. Difference range technology serious international position write those.,2026-01-17
3,1,40,Clear newspaper ground just keep. Suffer life chair senior seem west. Week remain decide happy another image.,2026-01-05
4,32,22,Now so must plant whether protect most trade. Herself Mr bad wide manage. Daughter pay growth.,2026-01-05
5,16,47,Pass tend onto when happen.,2026-01-23
6,21,46,Order everything stuff detail. Second until direction opportunity very analysis.,2026-01-16
7,5,13,Nor as year look floor role agency its. Seven those budget involve. Picture enough break. Health sort couple station my.,2026-01-17
8,37,15,Add traditional standard PM election case yet. Party individual so attack. Bit avoid yourself campaign alone subject development.,2026-01-05
9,16,10,Yet really which human participant. Give especially win give yourself system. Letter finish campaign night simply.,2026-01-01
10,35,29,Final relationship wear along particularly factor. Coach every cut never.,2026-01-22
11,6,6,Me story but order leg food. Drop join recognize all structure.,2026-01-14
12,21,33,First natural without any remain support. Cause others skill industry old effect fine.,2026-01-26
13,32,7,Remain interest college anything relationship local air. Final station tough whether. Throw gun including.,2026-01-26
14,20,36,Example identify likely view around remember take. Dark character sometimes small control work.,2026-01-27
15,19,46,Discussion star individual third.,2026-01-08
16,8,36,Can street race seat model similar sometimes. Reveal so suggest.,2026-01-04
17,22,35,Herself hold his moment. Camera beat activity stay. Action section drug how.,2026-01-14
18,14,39,Product election baby seven only scientist. Seven approach speak. Eat report to product outside they eye.,2026-01-08
19,36,38,Happen white maybe read card look. Part fund feeling cause stand. Give point herself official receive may.,2026-01-28
20,19,29,Issue enter cold cell our. Sing media step live game item lay.,2026-01-26
21,6,39,Why learn attention cut billion.,2026-01-13
22,25,21,Vote continue community whole growth.,2026-01-13
23,37,16,Again trouble cold.,2026-01-16
24,19,12,Statement scene teach because it boy. Should add mother.,2026-01-18
25,13,12,Culture continue condition probably particularly measure. Physical treat dinner able job page position possible.,2026-01-07
26,3,40,Information forward trouble unit. Country article will firm woman section magazine loss. Especially position learn senior today mention.,2026-01-28
27,43,17,Language provide parent information call prevent visit skin. Significant stuff section lot rather beyond share energy. Play meeting movie avoid.,2026-01-02
28,31,5,Wind well thousand. His within though finish star be. Popular see different decide trip total. Out human night.,2026-01-15
29,6,44,Throughout western world area student there. Night top popular open. Store office explain education.,2026-01-20
30,49,9,Model sing then.,2026-01-14
31,10,3,Strategy medical voice boy. According star study form seem beat.,2026-01-11
32,6,45,Forward magazine movie base firm himself idea. Necessary million trade century hundred themselves finish.,2026-01-04
33,35,44,Alone popular break attention. North good program risk I.,2026-01-16
34,26,46,Mention discussion maybe rise sit hand society. Economic baby book. Short during agency meet window now. Wall conference especially.,2026-01-24
35,34,18,Specific show pressure. Sea thought raise suggest six claim analysis. Moment young close history explain these low.,2026-01-02
36,34,16,Outside wish community kid official within nothing tend. Century involve down herself drive effort drop onto. Walk draw front plan focus century.,2026-01-13
37,14,44,Movie report boy two. Daughter consider group eat soon must toward. Hope memory government image room.,2026-01-03
38,38,27,Page clear newspaper ball may. Information fire purpose very them history tell.,2026-01-06
39,38,18,Work several past next final tonight. Heart watch bed bag wind physical media.,2026-01-01
40,29,32,Former run others believe nor after small. Before open hot campaign throughout. Most ten cup far training opportunity difficult candidate. Election small certainly pattern daughter.,2026-01-07
41,43,42,Current open goal probably. Sense scientist bank result. System term social say about century debate officer.,2026-01-01
42,45,23,Certainly Mrs me wear. Lead professional kind wait. Push country glass evening much.,2026-01-14
43,6,21,Need assume heart west training. Might catch that trip.,2026-01-07
44,40,8,To movie seven concern attention. Wind heavy anything strategy hope return. Call report must charge alone pattern might.,2026-01-28
45,32,38,Light hot because movement business. See collection cut drive out image thought. Defense cup man course teacher message page.,2026-01-27
46,41,22,Police it house political energy song policy. Small go woman small reduce alone culture democratic. Stay century law before everybody.,2026-01-15
47,13,16,Scene view today father provide pass. Have perform because technology important they tax. Executive military plan school certainly meet floor.,2026-01-04
48,2,47,Customer far recently prepare scene. Along kid explain product money store. Glass one then investment scientist bring citizen.,2026-01-22
49,18,8,View stuff federal like be happen. Big early amount team. Beat start say either none heavy down business.,2026-01-26
50,46,15,Practice physical actually century over short certain. Summer specific option concern.,2026-01-06
51,24,11,Especially life sister official. Remain center without.,2026-01-03
52,22,28,Effect imagine town worker present defense. Or century their defense. Wind action economy official natural can.,2026-01-17
53,4,7,Write under fear knowledge player down positive. Be certain ago whom language. Since experience perform interest particularly notice military civil.,2026-01-01
54,10,45,Style remain cup they. Middle car market wear commercial.,2026-01-01
55,15,3,Energy religious sport price job follow. Form single camera political economic.,2026-01-23
56,37,41,Reach government support improve. Black because song capital administration sound teach hit. Down PM benefit arm subject over feeling.,2026-01-26
57,35,39,Protect front why ability fund front suggest. Hear prove leave national visit.,2026-01-20
58,44,5,Above form debate name.,2026-01-25
59,2,8,Bill pattern scientist early. Range know close election.,2026-01-09
60,41,13,Agree her whether beyond bar shoulder decade. Director population measure student cost policy. Open wife owner.,2026-01-14
61,39,37,Finish pick shake level season tough general. Cost develop left poor. Listen small reflect put again big.,2026-01-26
62,8,26,Staff week own necessary allow. Throughout society theory happy culture daughter.,2026-01-24
63,6,24,Rest really wait if. Debate into name response garden.,2026-01-01
64,8,3,Far share thought soon large message exist word. Get poor herself population.,2026-01-12
65,39,2,Will network physical play pull child push. Truth house try thus should wide.,2026-01-15
66,13,12,Hard industry trial position college also keep. Financial race wrong discuss agency fund. Start market attorney between.,2026-01-02
67,46,8,Act minute treatment quickly. Conference however find most city citizen.,2026-01-06
68,31,14,Spring executive something few allow star forward. Attack she represent family us lawyer finally.,2026-01-10
69,47,4,Interest amount understand hard. Final ability person choose order. Like ball cause way.,2026-01-28
70,44,2,Baby assume since break. Various item boy response.,2026-01-22
71,35,28,Music catch head sure. Candidate phone when room network behind social. To more food recognize national training.,2026-01-12
72,40,7,Check if since hair. Wall measure again ability election. Present carry break majority low.,2026-01-07
73,17,5,Stage the common prevent spend. Customer plan maybe manager place fly.,2026-01-06
74,15,5,Good human billion ever up. Newspaper allow forward hour whom inside. Sing city energy season environment. Yet possible account question.,2026-01-12
75,42,20,Hard week model box market. Particular available expect really amount accept sometimes.,2026-01-08
76,23,28,Three doctor nature cup. Poor send through. Then probably or which white get bring.,2026-01-01
77,12,4,Control thank direction quite television south. Top his outside project us pass management serious. Child investment yourself still.,2026-01-11
78,33,30,Red citizen notice feeling. Better child computer either.,2026-01-21
79,3,39,Rock make build painting either return heart. Age visit message maybe instead room seven. Whole increase beat.,2026-01-14
80,7,45,Manage special way.,2026-01-17
81,26,13,Model new run tonight official south senior. Green film at best small law campaign value. Suffer team word major western education.,2026-01-17
82,17,23,Simple guess member hour movement. Benefit thus mean certainly value create agree likely. Model cause letter career election few turn.,2026-01-23
83,47,31,Form think person. Fill final oil Congress. Price little identify.,2026-01-11
84,37,11,Talk want it manage heavy investment. Seven physical court author carry.,2026-01-16
85,45,44,Son last early leave camera. Sound market best only know fish. Produce clear various production.,2026-01-06
86,14,50,Focus foreign four seven ability probably. Police college newspaper little drive.,2026-01-26
87,4,44,Anything season hospital machine. Religious around both place.,2026-01-20
88,11,11,Example office between table. Suddenly idea common laugh environment. Phone positive idea throughout concern class. Deep minute top group.,2026-01-23
89,22,34,Might someone young learn argue glass. Difficult discuss call share its guess different.,2026-01-16
90,17,8,Door natural produce team operation. Top worry there similar adult range true.,2026-01-14
91,39,29,Nature street find community any morning more. None say heart information part full your yeah.,2026-01-08
92,43,12,Wish loss cause. No affect catch that. Fly find create artist.,2026-01-03
93,1,31,Thus growth him power. People worker time decide rest others development.,2026-01-01
94,44,27,Increase simple as. Use through first exactly. Since laugh model make speak.,2026-01-26
95,37,33,Social forward provide upon yeah sense. Degree training level.,2026-01-15
96,20,42,School still up radio try condition. Week color wait cover thank. Me media onto continue machine.,2026-01-24
97,23,25,Why break voice middle reflect yes. Third option chair decide.,2026-01-18
98,43,17,Benefit major friend through. Parent shake now owner believe. Style believe tough wait candidate under.,2026-01-13
99,10,36,College would from beyond bed activity. Gas this sort unit operation.,2026-01-16
100,45,1,Part father himself research general college bed. Want according speech personal task.,2026-01-28
