id,farm_id,name,contact_information,job_title,pay_rate
1,8,Curtis Bradley,Impact spend question election. Sometimes city commercial. Doctor nature cup whom poor send. Law national last people friend.,,-5.2352748649559
2,38,Cody Booth,Top his outside project us pass management serious. Child investment yourself still.,"Engineer, site",2441827837.39427
3,49,Nicole Garcia,,,
4,17,Christopher Scott,Mrs interesting less economy fire education. Heart message matter position water. Instead room seven reveal whole.,Patent examiner,998368.857206777
5,49,,Ahead quickly hope. Glass line knowledge season region little continue.,Theatre manager,77.3699494763154
6,37,Austin Davis,Pick work market suffer team word major. Man remember rich yeah simple. Two enough spend practice organization fill. Mean certainly value create.,,-10975663815189.9
7,35,Brenda Owens,Election few turn think tree amount billion. Person body price you.,Medical secretary,831751118887.486
8,24,Mark Davis,,,
9,26,Terri Reynolds,,"Research officer, government",57608105.3450852
10,31,Lori Lee,Let guy son last. Class wish relate sound market.,Chief Strategy Officer,-764591.341503291
11,32,Matthew Martin,,Market researcher,1842.44576782991
12,4,Emily Chase,Probably few cost summer city.,Financial adviser,-893807469573.48
13,1,Jeanne Washington,Around both place strong. Throughout example office between table tonight suddenly idea.,Drilling engineer,
14,48,Michele Gallagher,Positive idea throughout concern. Stay beat PM stage. Put lay too strong forward interesting. Learn argue glass matter upon.,Bookseller,
15,1,Phillip Hamilton,Building care door natural produce. Operation point loss mean production establish. Adult range true even matter.,Clinical molecular geneticist,-747302445.6363
16,15,,Work no none say heart information part. Dinner former manager mind scene ago. South ability no affect catch that area.,,3289626856.88503
17,46,David Thompson,,Media buyer,-56200327.351989
18,28,,Others development account. Scene increase simple as player use through. Seek third since laugh model make.,,-66.535526629564
19,14,Joseph Morales,Yeah sense up add subject research. Idea school still up radio. Local week color wait.,"Engineer, automotive",-2879802387909.75
20,32,Mary Martinez,Why break voice middle reflect yes. Third option chair decide.,,-107235425.100455
21,38,Calvin Berry,Parent shake now owner believe. Style believe tough wait candidate under. Every put college would from.,,203565594109.7
22,12,Jeffrey Wright,Operation foreign loss manage each the. General college bed everybody. According speech personal task same yourself front.,"Programme researcher, broadcasting/film/video",6.65894555562242
23,20,Jared Johnson,Car stand form parent. Song according foot choice space federal condition. Southern church inside series tell thank type.,Corporate investment banker,-17747043.9422207
24,23,Kevin Li,,Chief Financial Officer,65293052794.3137
25,42,Scott Rivera,Education training see we find knowledge treatment development. Address star role yard son speech Democrat. Give song computer respond current wife budget.,Multimedia specialist,-282658540693.727
26,32,Dr. Sharon Johnson DVM,Unit in baby notice. Attack food laugh newspaper part better college.,"Designer, jewellery",
27,4,,,Trading standards officer,
28,28,Amber Haley,Mr management admit any could. Senior current fact scientist nothing change suffer.,Academic librarian,-85926.9561386538
29,30,,Off government forget. Step generation beyond nor goal.,"Administrator, education",
30,21,Linda Cardenas,Do issue let spend compare of.,Soil scientist,
31,3,,,Broadcast journalist,716.12015619684
32,13,James Thompson,Blue tend house staff commercial herself prove. Information cut message green early allow manage wind.,Art gallery manager,5.79925836860272
33,25,Andrew Wilson,Run some Congress result every war. Series window tax marriage. Size improve hit nice kind performance.,Medical laboratory scientific officer,
34,36,,Modern democratic human difference rock music check close.,Air broker,
35,27,Carlos Richmond,Smile national eight she hand and democratic know. Establish indicate very art eat entire front bit. Man story around enter blue.,,
36,7,Thomas Hall,,"Engineer, communications",-73537051905.4119
37,40,,Tough agree move analysis its body. Memory say together bit wish.,Surgeon,158272936.836244
38,3,Nicholas Yates,Magazine family vote support. Oil drive local cover interview us up.,"Civil engineer, contracting",59.8913565705882
39,18,Timothy Murray,Start find cell animal ready at. Concern several than discuss personal interesting phone on. Woman travel not identify score.,"Scientist, research (physical sciences)",952552611.813392
40,19,Matthew Rodriguez,Painting fast magazine east since use out. Will consider probably against.,Dealer,-1796360953754.94
41,33,Kristina Mclean,Past two management friend pattern decade plant. Else represent detail open future rich. Sound late camera provide.,Print production planner,-781.280610714028
42,8,Greg Morris,Room with travel responsibility cut hour. Ok final soldier against take budget agency century.,,0.41070866694563
43,14,Nicole Ward,Shake property fish plan. Expert assume every walk degree rise laugh citizen. Coach yard treat.,Chief Executive Officer,717058818.235333
44,33,Kathleen Collins,,Minerals surveyor,-670.76780904776
45,48,Timothy Wagner PhD,Candidate defense discussion cell among.,"Surveyor, minerals",-6955484409086.1
46,19,Pamela Warren,Decision particular network pull organization serious leader. Easy hotel news film building finish relate. White message laugh billion onto.,Insurance risk surveyor,769031419.456886
47,44,Natalie Pacheco,Black cultural pull above us adult see body. Matter door tax. Feeling two customer season owner traditional fill.,"Administrator, local government",-13.2701925998804
48,9,Dennis Bailey,Report necessary lawyer else behind. Need simply growth television. Arm prove community expect live music. Five establish per floor world.,Magazine journalist,7.87586542464429
49,2,Steven Phillips,Ability citizen girl do them answer knowledge. Position out already agent actually whose.,,
50,5,,Let receive scene no. Bit around election modern simple.,Telecommunications researcher,5727400759.76595
