id,name,location,size,contact_information
1,Nicholas Bass,mMzv,,
2,Jeremiah Alvarez,sZSv,,Herself official receive may push serious successful country. Enter cold cell our series. Sing media step live game item lay.
3,Amy Blair,qDSe,14528144305088.4,Vote continue community whole growth.
4,,ZraR,,Parent up story.
5,Rodney Long,,,Teach because it boy agent common. Mother good decade TV culture continue condition probably. Option imagine physical treat dinner able job page.
6,Mariah Taylor,fAtv,1007.43543129057,With participant form time back sound city. Mention next identify language.
7,,QkMA,87.1979067490206,Stuff section lot rather. Range international everybody book. Meeting movie avoid American address simply. Thousand impact six loss.
8,Mark Taylor,,-659.822826423443,
9,,odnA,18646168415019.8,
10,Elizabeth Sullivan,IdVC,587797.968436513,Open collection become light environmental. Idea across player appear similar.
11,Adam Mitchell,XjWG,369166486255.6,Form seem beat debate. Forward magazine movie base firm himself idea. Necessary million trade century hundred themselves finish.
12,Briana Johnson,PKhQ,,Environment few voice thank local option five. Level generation since also himself with garden mention.
13,Billy Rodriguez,BXNp,,Million born American. Always hand game magazine series think. Ability possible door pressure sea thought.
14,Sarah Mueller,kcWV,6463756.93327402,Low trial religious your outside wish community kid. Foreign involve show ten century involve down herself.
15,David Allen,LxDp,-81786.2719315081,
16,Charles Wolf,JlIT,915.493585840793,Reality outside painting report become. Toward family event dark such firm again. What page clear newspaper ball.
17,Melissa Barnes,,,Approach trip throughout free civil entire. Just nature increase trouble heart watch bed. Yet so before wrong.
18,Lauren Rivera,UMgK,9930347579.9635,Sign office until particularly. Everyone city contain week carry. Election small certainly pattern daughter.
19,Ryan Russell,lmLb,,Probably question sense scientist bank result peace. Social say about century debate. Push industry certainly Mrs me wear prove.
20,Matthew Ramos,POUr,1644.65926892124,Much why design need assume heart. Training believe system resource truth leave institution to.
21,Pam Thompson,,-6615654311474.65,Strategy hope return near sign Republican.
22,Mary Torres,CHWK,62909438.3413268,
23,Brandon Nichols,hGRD,,Cut drive out. Attorney stock defense cup man course.
24,Kayla Munoz,,-629939.42401805,Policy owner ahead generation shoulder day popular. Key military deep according door.
25,Larry Huff,,,Forget result professor research theory become. Step have perform because.
26,,iApb,,Century suddenly have quality break. Floor right growth specific court yes. Recently prepare scene house central baby picture.
27,Cole Guzman,,628574511.155822,Enter deep walk cause trouble movie. Stuff federal like be. Positive better management minute air represent.
28,Angelica Underwood,VLqS,-170366.255109814,
29,,OhRL,,West practice physical actually. Religious push the ten. Summer specific option concern.
30,Brandon Dean,,,Official yeah remain center without. Get effect imagine town. Present defense become result easy.
31,Jodi Dickson,,-81378552813085.8,Represent resource pretty write. Fear knowledge player down positive. Be certain ago whom language.
32,Patricia Dixon,XBDN,2.1060158800902,Style remain cup they. Middle car market wear commercial.
33,Gerald Erickson,,0.43647330598419,
34,Nathan Lee,,86029880.2079126,Seven treatment kid reach government support. Half black because song capital administration.
35,Shannon Hughes,EpzO,431.738980426729,Color everything buy protect front why ability fund. Laugh cup hear prove leave national.
36,Jennifer Garcia,gvUn,,
37,,,,Boy sing threat bill pattern scientist early. Range know close election.
38,Carol Bush,KbJy,,Beyond bar shoulder decade.
39,Crystal Brewer,,-195635.456836633,Inside water do get finish pick shake level.
40,Stephanie Cooper,,23.3912195696089,Poor head perform walk expert easy. Learn military top cup. Week own necessary allow including level.
41,Jessica Smith,KneF,570024148762.71,Party debate into name response garden. Culture far share. Large message exist word beat her.
42,Richard Dominguez,OXos,-9291131.88444,Play pull child push it why. Return few natural fight stand one significant get. Keep kid assume dinner former heavy. Fund consumer through theory simply concern page director.
43,Alexandra Meyer DVM,RBRB,-482740802239.318,City citizen to. List run safe figure. Allow star forward leave art practice.
44,Colleen Fitzpatrick,OtJn,56901478.678497,Hard far around almost.
45,Shaun Parrish,EPfL,,Way night somebody. Remember parent produce cut.
46,John Miller,ETCG,552.150761389969,
47,Monica Henderson,ifOG,,Easy role yes to more food recognize.
48,Susan Allen,SfjM,-98675270.4758426,
49,Kathy Smith,ajqV,2242.13684689633,Project every end catch American true goal. Customer plan maybe manager place fly. Pay real good human.
50,Donald Mcfarland,yJwc,-3794.5987527791,Establish son turn another wonder reveal yet. Account question dinner write usually team. Effect unit state plant.
