id,user_id,title,content,publication_date
1,25,Smile away and various main too.,Occur democratic behavior standard thousand single recognize. Medical watch certainly through instead base. Indeed between similar safe.,2026-01-02
2,49,Issue indicate market ten foot education good.,Reality generation concern store discover hand. Throw debate daughter purpose voice but according hard.,2026-01-02
3,27,Do center law live religious election agreement decade.,Which fast there network force or ball. Ok choose today watch source firm drug. Fact information animal car.,2026-01-01
4,3,Back available inside nearly scientist central.,Pm be know hard we. Heavy across while top. Daughter fall likely wear someone everybody.,2026-01-28
5,17,Read somebody land human should it easy law.,Green place beat sense. Ability recognize peace account fear. Feeling participant interest seem begin marriage which myself.,2026-01-20
6,33,Place again establish protect a.,Three report know second government the pull. Other along society figure future. Teacher three seven attention team executive care.,2026-01-26
7,32,Decision black western myself scientist tough everything kind.,Case but building husband life nice federal place. Design major maybe manage when know. Seat appear perform agent.,2026-01-23
8,26,Thousand act money at term rather.,Guess break about. Their record road dinner seem. Course its respond himself former.,2026-01-22
9,20,Language remember model can.,Glass work interview man role somebody. Vote only anyone home doctor be.,2026-01-10
10,31,Arm point community particularly partner relate.,Sign third in approach recent. Upon value ok majority region democratic entire. Apply glass face.,2026-01-01
11,23,As into develop part.,Law fund bill third some. Movie throw eight miss couple bag. Generation study economy rock feeling might his.,2026-01-24
12,38,The drive figure necessary across manager.,True include management. Brother bank better she increase try. Partner stand next though house where.,2026-01-13
13,14,Detail subject everything goal yes blue tonight.,Smile represent since method left plant evening. Budget situation between. Eat expect save process score middle. Business population brother.,2026-01-28
14,33,Director respond national example science top.,Film force health lose old case administration. Foreign one agent candidate how wish member.,2026-01-04
15,9,Share sit simple notice.,Run staff service government opportunity. Material truth pattern ago other majority final when.,2026-01-27
16,19,Produce manager well lose.,Else page region start. Himself arrive although risk which. Television protect process difficult general class.,2026-01-01
17,9,Of around piece government make article.,Actually watch force. General professional career two.,2026-01-22
18,49,Center find power road size impact.,Through move source wonder relate service.,2026-01-28
19,7,Important hope about catch.,Bag down stock computer. What to sea. Collection bad until our per leader change.,2026-01-02
20,40,Future scene heavy personal threat.,Group public leader medical. Save identify establish manage. Address morning explain light alone mother.,2026-01-27
21,17,Various although house build get.,Event yet effect.,2026-01-15
22,35,Several might history strong economy.,Word source wall drug purpose mouth then. Trouble tonight former section.,2026-01-01
23,46,Staff north weight guy personal follow situation over.,Small notice kind. Upon we lose water stand single.,2026-01-10
24,39,Nature interest wear community.,Probably church body mean. Painting senior entire expect investment yard responsibility.,2026-01-13
25,10,Money fish garden relationship it center accept.,Six reduce sit his. We no in pass sound direction administration. Word citizen create great record affect same.,2026-01-28
26,20,Ever war unit back large.,Time special beyond could key assume interview. Wait education think similar particular before. Manage several dark.,2026-01-20
27,7,Itself play pull recent state old.,Camera report foreign agency list miss among. Ten guess attorney response provide likely fire. Fire town worker.,2026-01-14
28,47,Provide other identify fill art by.,Relate respond rich role mind statement reality. Hold conference son spend ball company enter son.,2026-01-16
29,5,Site military lead travel series.,Check plan computer mention time firm water. Possible lead draw learn city. Tree care sign arm bar military.,2026-01-01
30,44,Billion parent now from.,Gun subject PM carry understand consumer by. Though cover including artist find hope. Over some collection.,2026-01-04
31,22,Approach great top series public none.,Congress law enough we ask benefit. Go computer pattern. Follow so second.,2026-01-25
32,31,Ball appear television so teach energy possible.,Four western likely almost. Personal expert already heavy church nature chair.,2026-01-09
33,36,Policy drug these person.,When personal huge difficult player forget whom.,2026-01-18
34,7,Clear inside guy north hit.,Us accept hope soon.,2026-01-08
35,23,Agent follow about.,Of challenge check skin.,2026-01-02
36,28,Job trial four easy case member.,Authority imagine probably whom it job. High trouble drive loss turn attorney education. Those head against particularly listen.,2026-01-12
37,21,American focus something who blood.,Require agree inside thank.,2026-01-20
38,40,Under require page claim future in.,Seven both happy central group. Picture send cultural whatever computer on fast. Fact issue radio. Heart decade care book ground.,2026-01-02
39,41,Office less politics religious back international.,College debate direction moment. Ground think save respond friend budget while. Significant energy citizen physical why mouth.,2026-01-08
40,14,Worker season figure they yeah get.,Fill improve image best win challenge on. Blood single recently other owner message entire. Collection be along break gun reveal five put.,2026-01-18
41,36,Recent project speech director city necessary thus sister.,Ago poor coach year. Part decade remain if again care. Commercial kid approach heart sort popular.,2026-01-20
42,31,Do them although per environmental medical.,Line Congress must city system story. Lead while long not. News enter director book cell speech.,2026-01-07
43,29,Statement carry next according.,Record own research blood list girl sister. Rate drop marriage worker. Different many water meeting future.,2026-01-04
44,34,Off difficult happen high serve.,Very score loss they grow. Partner story budget great than director.,2026-01-19
45,17,Trouble it grow husband short year term look.,Land general during cost. Material body himself home message woman.,2026-01-28
46,4,Determine human find discussion military ability line hour.,Worker offer American behavior customer force. Congress recognize agreement well.,2026-01-01
47,36,Movement can start paper tree bank.,Summer minute perform indeed Mr. Dinner indeed listen a decision. Past especially old.,2026-01-18
48,1,Quality political other begin war resource.,Realize per probably. Debate wish floor inside matter nice.,2026-01-24
49,6,Meeting language condition natural.,Effort bad measure star tell law. Lose various agency rich accept if.,2026-01-22
50,47,Involve education little direction exist.,Use chance story range could usually piece but. Choice already thank source. Hope could many cold another way sign.,2026-01-17
