id,username,password,email
1,achang,cqGF,thull@example.com
2,brandy38,isiW,montgomeryjohn@example.net
3,kyleblair,RvEJ,gomezleslie@example.net
4,tammywoods,HqdZ,davismary@example.net
5,salazarmaria,vpUu,leeashley@example.org
6,lindawest,fuGF,turnerkelly@example.org
7,lisa83,ZMJL,sean96@example.com
8,kellylopez,lcNQ,thomas12@example.org
9,kirbyrachael,IRzT,aimee33@example.net
10,criley,FQPS,christopher91@example.com
11,megan30,UrhT,nathanjackson@example.com
12,garciadustin,SocK,johnsoncynthia@example.net
13,myersmitchell,hcMb,susanlopez@example.org
14,zclark,dRbI,qoliver@example.org
15,charlesturner,BldG,gwilliams@example.net
16,wgonzalez,UEKk,tammybrown@example.net
17,meganpeterson,qhMC,alexandermaldonado@example.net
18,deborah64,jJSa,vharmon@example.net
19,stephensdennis,WEwN,emily99@example.org
20,paul61,aMmS,ernest37@example.com
21,sjohnson,KAXQ,martincaleb@example.net
22,seandyer,JMWa,simpsonlarry@example.com
23,lambnancy,ZAmJ,monroedavid@example.org
24,aherring,uana,bairdemma@example.net
25,leecharlene,mtrS,craignash@example.com
26,johnsonrobin,ZYhq,desireeroth@example.net
27,darin24,bccn,angela59@example.org
28,djoseph,OBxI,jaredmatthews@example.org
29,edwardcook,YxTf,kimberly00@example.com
30,edwardsilva,xzJi,danny30@example.com
31,melodychandler,tzvt,jrodriguez@example.com
32,zrogers,ZvhE,lyonsronald@example.com
33,jessica22,OKyZ,joneschristopher@example.net
34,brucesmith,zJHs,ymora@example.net
35,rodneyrichardson,qLXk,hlee@example.org
36,leachshannon,RmhF,pscott@example.org
37,cindygarcia,DyxI,danielcarlson@example.com
38,annelittle,BHFR,martha73@example.net
39,alecthornton,Vuuc,nancymorrison@example.org
40,taguilar,TZEe,blackruth@example.org
41,davidturner,WCvk,mistymurray@example.com
42,gsantana,cKfR,burgessrebecca@example.org
43,amanda96,EYyM,melissayates@example.net
44,yangkevin,Kqve,theath@example.com
45,dpatrick,kPip,jessica50@example.org
46,fbutler,MTfR,lisagomez@example.org
47,dhughes,gEXj,johnsonchristina@example.net
48,daniel85,myYX,drodriguez@example.net
49,vmendez,PhRT,kristina26@example.com
50,stonekristen,mcYz,mwatson@example.com
